iso3,bloc,status,source,checked_on,note
BRN,ASEAN,member,https://asean.org/forging-a-new-era-timor-leste-admitted-into-asean/,2026-09-26,
IDN,ASEAN,member,https://asean.org/forging-a-new-era-timor-leste-admitted-into-asean/,2026-09-26,
KHM,ASEAN,member,https://asean.org/forging-a-new-era-timor-leste-admitted-into-asean/,2026-09-26,
LAO,ASEAN,member,https://asean.org/forging-a-new-era-timor-leste-admitted-into-asean/,2026-09-26,
MMR,ASEAN,member,https://asean.org/forging-a-new-era-timor-leste-admitted-into-asean/,2026-09-26,
MYS,ASEAN,member,https://asean.org/forging-a-new-era-timor-leste-admitted-into-asean/,2026-09-26,
PHL,ASEAN,member,https://asean.org/forging-a-new-era-timor-leste-admitted-into-asean/,2026-09-26,
SGP,ASEAN,member,https://asean.org/forging-a-new-era-timor-leste-admitted-into-asean/,2026-09-26,
THA,ASEAN,member,https://asean.org/forging-a-new-era-timor-leste-admitted-into-asean/,2026-09-26,
TLS,ASEAN,member,https://asean.org/forging-a-new-era-timor-leste-admitted-into-asean/,2026-09-26,
VNM,ASEAN,member,https://asean.org/forging-a-new-era-timor-leste-admitted-into-asean/,2026-09-26,
AGO,African Union,member,https://au.int/en/member_states/countryprofiles2,2026-09-26,
BDI,African Union,member,https://au.int/en/member_states/countryprofiles2,2026-09-26,
BEN,African Union,member,https://au.int/en/member_states/countryprofiles2,2026-09-26,
BFA,African Union,suspended,https://au.int/en/member_states/countryprofiles2,2026-09-26,Suspended since Jan 2022 (military coup)
BWA,African Union,member,https://au.int/en/member_states/countryprofiles2,2026-09-26,
CAF,African Union,member,https://au.int/en/member_states/countryprofiles2,2026-09-26,
CIV,African Union,member,https://au.int/en/member_states/countryprofiles2,2026-09-26,
CMR,African Union,member,https://au.int/en/member_states/countryprofiles2,2026-09-26,
COD,African Union,member,https://au.int/en/member_states/countryprofiles2,2026-09-26,
COG,African Union,member,https://au.int/en/member_states/countryprofiles2,2026-09-26,
COM,African Union,member,https://au.int/en/member_states/countryprofiles2,2026-09-26,
CPV,African Union,member,https://au.int/en/member_states/countryprofiles2,2026-09-26,
DJI,African Union,member,https://au.int/en/member_states/countryprofiles2,2026-09-26,
DZA,African Union,member,https://au.int/en/member_states/countryprofiles2,2026-09-26,
EGY,African Union,member,https://au.int/en/member_states/countryprofiles2,2026-09-26,
ERI,African Union,member,https://au.int/en/member_states/countryprofiles2,2026-09-26,
ESH,African Union,member,https://au.int/en/member_states/countryprofiles2,2026-09-26,Sahrawi Arab Democratic Republic; not in World Bank data
ETH,African Union,member,https://au.int/en/member_states/countryprofiles2,2026-09-26,
GAB,African Union,member,https://au.int/en/member_states/countryprofiles2,2026-09-26,
GHA,African Union,member,https://au.int/en/member_states/countryprofiles2,2026-09-26,
GIN,African Union,member,https://au.int/en/member_states/countryprofiles2,2026-09-26,
GMB,African Union,member,https://au.int/en/member_states/countryprofiles2,2026-09-26,
GNB,African Union,suspended,https://au.int/en/member_states/countryprofiles2,2026-09-26,Suspended since Nov 2025 (coup)
GNQ,African Union,member,https://au.int/en/member_states/countryprofiles2,2026-09-26,
KEN,African Union,member,https://au.int/en/member_states/countryprofiles2,2026-09-26,
LBR,African Union,member,https://au.int/en/member_states/countryprofiles2,2026-09-26,
LBY,African Union,member,https://au.int/en/member_states/countryprofiles2,2026-09-26,
LSO,African Union,member,https://au.int/en/member_states/countryprofiles2,2026-09-26,
MAR,African Union,member,https://au.int/en/member_states/countryprofiles2,2026-09-26,
MDG,African Union,suspended,https://au.int/en/member_states/countryprofiles2,2026-09-26,Suspended in Oct 2025 (military takeover)
MLI,African Union,suspended,https://au.int/en/member_states/countryprofiles2,2026-09-26,Suspended since Jun 2021 (military coup)
MOZ,African Union,member,https://au.int/en/member_states/countryprofiles2,2026-09-26,
MRT,African Union,member,https://au.int/en/member_states/countryprofiles2,2026-09-26,
MUS,African Union,member,https://au.int/en/member_states/countryprofiles2,2026-09-26,
MWI,African Union,member,https://au.int/en/member_states/countryprofiles2,2026-09-26,
NAM,African Union,member,https://au.int/en/member_states/countryprofiles2,2026-09-26,
NER,African Union,suspended,https://au.int/en/member_states/countryprofiles2,2026-09-26,Suspended since Aug 2023 (military coup)
NGA,African Union,member,https://au.int/en/member_states/countryprofiles2,2026-09-26,
RWA,African Union,member,https://au.int/en/member_states/countryprofiles2,2026-09-26,
SDN,African Union,suspended,https://sudantribune.com/article/310666,2026-09-26,Suspended since Oct 2021
SEN,African Union,member,https://au.int/en/member_states/countryprofiles2,2026-09-26,
SLE,African Union,member,https://au.int/en/member_states/countryprofiles2,2026-09-26,
SOM,African Union,member,https://au.int/en/member_states/countryprofiles2,2026-09-26,
SSD,African Union,member,https://au.int/en/member_states/countryprofiles2,2026-09-26,
STP,African Union,member,https://au.int/en/member_states/countryprofiles2,2026-09-26,
SWZ,African Union,member,https://au.int/en/member_states/countryprofiles2,2026-09-26,
SYC,African Union,member,https://au.int/en/member_states/countryprofiles2,2026-09-26,
TCD,African Union,member,https://au.int/en/member_states/countryprofiles2,2026-09-26,
TGO,African Union,member,https://au.int/en/member_states/countryprofiles2,2026-09-26,
TUN,African Union,member,https://au.int/en/member_states/countryprofiles2,2026-09-26,
TZA,African Union,member,https://au.int/en/member_states/countryprofiles2,2026-09-26,
UGA,African Union,member,https://au.int/en/member_states/countryprofiles2,2026-09-26,
ZAF,African Union,member,https://au.int/en/member_states/countryprofiles2,2026-09-26,
ZMB,African Union,member,https://au.int/en/member_states/countryprofiles2,2026-09-26,
ZWE,African Union,member,https://au.int/en/member_states/countryprofiles2,2026-09-26,
ARE,BRICS,member,https://www.brics2026.gov.in/about-us/,2026-09-26,
BRA,BRICS,member,https://www.brics2026.gov.in/about-us/,2026-09-26,
CHN,BRICS,member,https://www.brics2026.gov.in/about-us/,2026-09-26,
EGY,BRICS,member,https://www.brics2026.gov.in/about-us/,2026-09-26,
ETH,BRICS,member,https://www.brics2026.gov.in/about-us/,2026-09-26,
IDN,BRICS,member,https://www.brics2026.gov.in/about-us/,2026-09-26,
IND,BRICS,member,https://www.brics2026.gov.in/about-us/,2026-09-26,
IRN,BRICS,member,https://www.brics2026.gov.in/about-us/,2026-09-26,
RUS,BRICS,member,https://www.brics2026.gov.in/about-us/,2026-09-26,
ZAF,BRICS,member,https://www.brics2026.gov.in/about-us/,2026-09-26,
AUT,European Union,member,https://european-union.europa.eu/principles-countries-history/eu-countries_en,2026-09-26,
BEL,European Union,member,https://european-union.europa.eu/principles-countries-history/eu-countries_en,2026-09-26,
BGR,European Union,member,https://european-union.europa.eu/principles-countries-history/eu-countries_en,2026-09-26,
CYP,European Union,member,https://european-union.europa.eu/principles-countries-history/eu-countries_en,2026-09-26,
CZE,European Union,member,https://european-union.europa.eu/principles-countries-history/eu-countries_en,2026-09-26,
DEU,European Union,member,https://european-union.europa.eu/principles-countries-history/eu-countries_en,2026-09-26,
DNK,European Union,member,https://european-union.europa.eu/principles-countries-history/eu-countries_en,2026-09-26,
ESP,European Union,member,https://european-union.europa.eu/principles-countries-history/eu-countries_en,2026-09-26,
EST,European Union,member,https://european-union.europa.eu/principles-countries-history/eu-countries_en,2026-09-26,
FIN,European Union,member,https://european-union.europa.eu/principles-countries-history/eu-countries_en,2026-09-26,
FRA,European Union,member,https://european-union.europa.eu/principles-countries-history/eu-countries_en,2026-09-26,
GRC,European Union,member,https://european-union.europa.eu/principles-countries-history/eu-countries_en,2026-09-26,
HRV,European Union,member,https://european-union.europa.eu/principles-countries-history/eu-countries_en,2026-09-26,
HUN,European Union,member,https://european-union.europa.eu/principles-countries-history/eu-countries_en,2026-09-26,
IRL,European Union,member,https://european-union.europa.eu/principles-countries-history/eu-countries_en,2026-09-26,
ITA,European Union,member,https://european-union.europa.eu/principles-countries-history/eu-countries_en,2026-09-26,
LTU,European Union,member,https://european-union.europa.eu/principles-countries-history/eu-countries_en,2026-09-26,
LUX,European Union,member,https://european-union.europa.eu/principles-countries-history/eu-countries_en,2026-09-26,
LVA,European Union,member,https://european-union.europa.eu/principles-countries-history/eu-countries_en,2026-09-26,
MLT,European Union,member,https://european-union.europa.eu/principles-countries-history/eu-countries_en,2026-09-26,
NLD,European Union,member,https://european-union.europa.eu/principles-countries-history/eu-countries_en,2026-09-26,
POL,European Union,member,https://european-union.europa.eu/principles-countries-history/eu-countries_en,2026-09-26,
PRT,European Union,member,https://european-union.europa.eu/principles-countries-history/eu-countries_en,2026-09-26,
ROU,European Union,member,https://european-union.europa.eu/principles-countries-history/eu-countries_en,2026-09-26,
SVK,European Union,member,https://european-union.europa.eu/principles-countries-history/eu-countries_en,2026-09-26,
SVN,European Union,member,https://european-union.europa.eu/principles-countries-history/eu-countries_en,2026-09-26,
SWE,European Union,member,https://european-union.europa.eu/principles-countries-history/eu-countries_en,2026-09-26,
ARG,G20,member,https://www.g20.org,2026-09-26,
AUS,G20,member,https://www.g20.org,2026-09-26,
BRA,G20,member,https://www.g20.org,2026-09-26,
CAN,G20,member,https://www.g20.org,2026-09-26,
CHN,G20,member,https://www.g20.org,2026-09-26,
DEU,G20,member,https://www.g20.org,2026-09-26,
FRA,G20,member,https://www.g20.org,2026-09-26,
GBR,G20,member,https://www.g20.org,2026-09-26,
IDN,G20,member,https://www.g20.org,2026-09-26,
IND,G20,member,https://www.g20.org,2026-09-26,
ITA,G20,member,https://www.g20.org,2026-09-26,
JPN,G20,member,https://www.g20.org,2026-09-26,
KOR,G20,member,https://www.g20.org,2026-09-26,
MEX,G20,member,https://www.g20.org,2026-09-26,
RUS,G20,member,https://www.g20.org,2026-09-26,
SAU,G20,member,https://www.g20.org,2026-09-26,
TUR,G20,member,https://www.g20.org,2026-09-26,
USA,G20,member,https://www.g20.org,2026-09-26,
ZAF,G20,member,https://www.africanews.com/2026/01/23/south-africa-to-step-aside-from-g20-during-united-states-presidency/,2026-09-26,Member; stepped aside from G20 meetings during the 2026 US presidency
CAN,G7,member,https://www.g7italy.it/en/the-g7/,2026-09-26,
DEU,G7,member,https://www.g7italy.it/en/the-g7/,2026-09-26,
FRA,G7,member,https://www.g7italy.it/en/the-g7/,2026-09-26,
GBR,G7,member,https://www.g7italy.it/en/the-g7/,2026-09-26,
ITA,G7,member,https://www.g7italy.it/en/the-g7/,2026-09-26,
JPN,G7,member,https://www.g7italy.it/en/the-g7/,2026-09-26,
USA,G7,member,https://www.g7italy.it/en/the-g7/,2026-09-26,
ARG,Mercosur,member,https://www.mercosur.int/en/about-mercosur/countries,2026-09-26,
BOL,Mercosur,member,https://www.mercosur.int/en/about-mercosur/countries,2026-09-26,
BRA,Mercosur,member,https://www.mercosur.int/en/about-mercosur/countries,2026-09-26,
PRY,Mercosur,member,https://www.mercosur.int/en/about-mercosur/countries,2026-09-26,
URY,Mercosur,member,https://www.mercosur.int/en/about-mercosur/countries,2026-09-26,
VEN,Mercosur,suspended,https://www.mercosur.int/en/about-mercosur/countries,2026-09-26,Suspended under the Ushuaia Protocol
ALB,NATO,member,https://www.nato.int/cps/en/natohq/topics_52044.htm,2026-09-26,
BEL,NATO,member,https://www.nato.int/cps/en/natohq/topics_52044.htm,2026-09-26,
BGR,NATO,member,https://www.nato.int/cps/en/natohq/topics_52044.htm,2026-09-26,
CAN,NATO,member,https://www.nato.int/cps/en/natohq/topics_52044.htm,2026-09-26,
CZE,NATO,member,https://www.nato.int/cps/en/natohq/topics_52044.htm,2026-09-26,
DEU,NATO,member,https://www.nato.int/cps/en/natohq/topics_52044.htm,2026-09-26,
DNK,NATO,member,https://www.nato.int/cps/en/natohq/topics_52044.htm,2026-09-26,
ESP,NATO,member,https://www.nato.int/cps/en/natohq/topics_52044.htm,2026-09-26,
EST,NATO,member,https://www.nato.int/cps/en/natohq/topics_52044.htm,2026-09-26,
FIN,NATO,member,https://www.nato.int/cps/en/natohq/topics_52044.htm,2026-09-26,
FRA,NATO,member,https://www.nato.int/cps/en/natohq/topics_52044.htm,2026-09-26,
GBR,NATO,member,https://www.nato.int/cps/en/natohq/topics_52044.htm,2026-09-26,
GRC,NATO,member,https://www.nato.int/cps/en/natohq/topics_52044.htm,2026-09-26,
HRV,NATO,member,https://www.nato.int/cps/en/natohq/topics_52044.htm,2026-09-26,
HUN,NATO,member,https://www.nato.int/cps/en/natohq/topics_52044.htm,2026-09-26,
ISL,NATO,member,https://www.nato.int/cps/en/natohq/topics_52044.htm,2026-09-26,
ITA,NATO,member,https://www.nato.int/cps/en/natohq/topics_52044.htm,2026-09-26,
LTU,NATO,member,https://www.nato.int/cps/en/natohq/topics_52044.htm,2026-09-26,
LUX,NATO,member,https://www.nato.int/cps/en/natohq/topics_52044.htm,2026-09-26,
LVA,NATO,member,https://www.nato.int/cps/en/natohq/topics_52044.htm,2026-09-26,
MKD,NATO,member,https://www.nato.int/cps/en/natohq/topics_52044.htm,2026-09-26,
MNE,NATO,member,https://www.nato.int/cps/en/natohq/topics_52044.htm,2026-09-26,
NLD,NATO,member,https://www.nato.int/cps/en/natohq/topics_52044.htm,2026-09-26,
NOR,NATO,member,https://www.nato.int/cps/en/natohq/topics_52044.htm,2026-09-26,
POL,NATO,member,https://www.nato.int/cps/en/natohq/topics_52044.htm,2026-09-26,
PRT,NATO,member,https://www.nato.int/cps/en/natohq/topics_52044.htm,2026-09-26,
ROU,NATO,member,https://www.nato.int/cps/en/natohq/topics_52044.htm,2026-09-26,
SVK,NATO,member,https://www.nato.int/cps/en/natohq/topics_52044.htm,2026-09-26,
SVN,NATO,member,https://www.nato.int/cps/en/natohq/topics_52044.htm,2026-09-26,
SWE,NATO,member,https://www.nato.int/cps/en/natohq/topics_52044.htm,2026-09-26,
TUR,NATO,member,https://www.nato.int/cps/en/natohq/topics_52044.htm,2026-09-26,
USA,NATO,member,https://www.nato.int/cps/en/natohq/topics_52044.htm,2026-09-26,
CAN,USMCA,member,https://ustr.gov/trade-agreements/free-trade-agreements/united-states-mexico-canada-agreement,2026-09-26,
MEX,USMCA,member,https://ustr.gov/trade-agreements/free-trade-agreements/united-states-mexico-canada-agreement,2026-09-26,
USA,USMCA,member,https://ustr.gov/trade-agreements/free-trade-agreements/united-states-mexico-canada-agreement,2026-09-26,
