code,name_pt,name_en,unit,format,higher_is_better,source_note
SP.DYN.LE00.IN,"Expectativa de vida ao nascer, total (anos)","Life expectancy at birth, total (years)",years,number,TRUE,
SI.POV.DDAY,"Pobreza, US$ 3,00/dia (PPP 2021) (% da população)",Poverty headcount ratio at $3.00 a day (2021 PPP) (% of population),%,percent,FALSE,"Replaces the old US$1.90/day line (World Bank update, 2025)"
SP.POP.TOTL,"População, total","Population, total",people,compact,,
SP.POP.GROW,Crescimento da população (% anual),Population growth (annual %),%,percent,,
SM.POP.NETM,Migração líquida,Net migration,people,compact,,
NY.GDP.MKTP.CD,PIB (US$ correntes),GDP (current US$),US$,currency,,
NY.GDP.PCAP.CD,PIB per capita (US$ correntes),GDP per capita (current US$),US$,currency,TRUE,
NY.GDP.MKTP.KD.ZG,Crescimento do PIB (% anual),GDP growth (annual %),%,percent,TRUE,
SL.UEM.TOTL.ZS,"Desemprego, total (% da força de trabalho)","Unemployment, total (% of total labor force) (modeled ILO estimate)",%,percent,FALSE,Modeled ILO estimate
FP.CPI.TOTL.ZG,"Inflação, preços ao consumidor (% anual)","Inflation, consumer prices (annual %)",%,percent,,
EG.ELC.ACCS.ZS,Acesso à eletricidade (% da população),Access to electricity (% of population),%,percent,TRUE,
AG.LND.FRST.ZS,Área florestal (% da área terrestre),Forest area (% of land area),%,percent,TRUE,
EN.GHG.CO2.PC.CE.AR5,"Emissões de CO₂ per capita, excluindo LULUCF (t CO₂e)",Carbon dioxide (CO2) emissions excluding LULUCF per capita (t CO2e/capita),t CO2e,number,FALSE,
ER.H2O.FWTL.ZS,Retiradas anuais de água doce (% dos recursos internos),"Annual freshwater withdrawals, total (% of internal resources)",%,percent,FALSE,
EG.ELC.RNWX.ZS,"Eletricidade de fontes renováveis, exceto hidrelétrica (% do total)","Electricity production from renewable sources, excluding hydroelectric (% of total)",%,percent,TRUE,
SH.STA.SMSS.ZS,Saneamento gerido com segurança (% da população),People using safely managed sanitation services (% of population),%,percent,TRUE,
IT.NET.USER.ZS,Pessoas que usam a Internet (% da população),Individuals using the Internet (% of population),%,percent,TRUE,
VC.IHR.PSRC.P5,Homicídios intencionais (por 100 mil habitantes),"Intentional homicides (per 100,000 people)",per 100k,number,FALSE,
SG.GEN.PARL.ZS,Assentos ocupados por mulheres no parlamento nacional (%),Proportion of seats held by women in national parliaments (%),%,percent,TRUE,
GC.DOD.TOTL.GD.ZS,"Dívida do governo central, total (% do PIB)","Central government debt, total (% of GDP)",%,percent,FALSE,
IQ.SPI.OVRL,Indicador de desempenho estatístico (SPI): nota geral (0–100),Statistical performance indicators (SPI): Overall score (scale 0-100),score 0-100,number,TRUE,
BX.KLT.DINV.WD.GD.ZS,"Investimento estrangeiro direto, entradas líquidas (% do PIB)","Foreign direct investment, net inflows (% of GDP)",%,percent,,
AG.PRD.CROP.XD,Índice de produção agrícola (2014–2016 = 100),Crop production index (2014-2016 = 100),index,number,,
AG.PRD.LVSK.XD,Índice de produção pecuária (2014–2016 = 100),Livestock production index (2014-2016 = 100),index,number,,
AG.LND.ARBL.ZS,Terra cultivável (% da área terrestre),Arable land (% of land area),%,percent,,
NV.AGR.TOTL.ZS,"Agricultura, silvicultura e pesca, valor adicionado (% do PIB)","Agriculture, forestry, and fishing, value added (% of GDP)",%,percent,,
EN.GHG.ALL.PC.CE.AR5,"Emissões totais de GEE per capita, excluindo LULUCF (t CO₂e)",Total greenhouse gas emissions excluding LULUCF per capita (t CO2e/capita),t CO2e,number,FALSE,
EG.FEC.RNEW.ZS,Consumo de energia renovável (% do consumo final),Renewable energy consumption (% of total final energy consumption),%,percent,TRUE,
AG.LND.EL5M.ZS,Área terrestre abaixo de 5 m de altitude (% da área total),Land area where elevation is below 5 meters (% of total land area),%,percent,,
IT.CEL.SETS.P2,Assinaturas de telefonia móvel (por 100 pessoas),Mobile cellular subscriptions (per 100 people),per 100,number,,"WDI reports per 100 people, not per 1,000"
IT.NET.BBND.P2,Assinaturas de banda larga fixa (por 100 pessoas),Fixed broadband subscriptions (per 100 people),per 100,number,TRUE,
SE.PRM.ENRR,"Matrícula escolar, ensino fundamental (% bruto)","School enrollment, primary (% gross)",%,percent,,Gross ratio; can exceed 100%
SE.ADT.LITR.ZS,Taxa de alfabetização de adultos (% de 15 anos ou mais),"Literacy rate, adult total (% of people ages 15 and above)",%,percent,TRUE,
SE.XPD.TOTL.GB.ZS,Gasto público em educação (% do gasto do governo),"Government expenditure on education, total (% of government expenditure)",%,percent,,
EG.USE.COMM.CL.ZS,Energia alternativa e nuclear (% do uso total de energia),Alternative and nuclear energy (% of total energy use),%,percent,,
EG.USE.ELEC.KH.PC,Consumo de energia elétrica (kWh per capita),Electric power consumption (kWh per capita),kWh,number,,
EG.CFT.ACCS.ZS,Acesso a combustíveis e tecnologias limpas para cozinhar (% da população),Access to clean fuels and technologies for cooking (% of population),%,percent,TRUE,
ER.PTD.TOTL.ZS,Áreas terrestres e marinhas protegidas (% do território),Terrestrial and marine protected areas (% of total territorial area),%,percent,TRUE,
IC.FRM.BNKS.ZS,Empresas que usam bancos para financiar investimentos (% das empresas),Firms using banks to finance investment (% of firms),%,percent,,
LP.LPI.ITRN.XQ,Índice de desempenho logístico: facilidade de fretes competitivos (1–5),Logistics performance index: Ease of arranging competitively priced shipments (1=low to 5=high),score 1-5,number,TRUE,
TX.VAL.TECH.MF.ZS,Exportações de alta tecnologia (% das exportações manufaturadas),High-technology exports (% of manufactured exports),%,percent,TRUE,
CM.MKT.TRAD.GD.ZS,"Ações negociadas, valor total (% do PIB)","Stocks traded, total value (% of GDP)",%,percent,,
SM.POP.FDIP,Pessoas deslocadas à força,Forcibly displaced people,people,compact,FALSE,
MS.MIL.TOTL.TF.ZS,Pessoal das forças armadas (% da força de trabalho),Armed forces personnel (% of total labor force),%,percent,,
SE.ENR.PRSC.FM.ZS,"Matrícula no ensino fundamental e médio, índice de paridade de gênero (meninas/meninos)","School enrollment, primary and secondary (gross), gender parity index (GPI)",ratio,number,,1 = parity
SP.DYN.CONU.ZS,"Uso de método contraceptivo, qualquer método (% das mulheres casadas de 15 a 49 anos)","Contraceptive prevalence, any method (% of married women ages 15-49)",%,percent,,WDI has no 15–19 series; closest available is 15–49
SH.STA.MMRT,Razão de mortalidade materna (por 100 mil nascidos vivos),"Maternal mortality ratio (modeled estimate, per 100,000 live births)",per 100k,number,FALSE,Modeled estimate
MS.MIL.XPND.GD.ZS,Despesas militares (% do PIB),Military expenditure (% of GDP),%,percent,,
SH.IMM.MEAS,Imunização contra sarampo (% das crianças de 12 a 23 meses),"Immunization, measles (% of children ages 12-23 months)",%,percent,TRUE,
SH.SGR.CRSK.ZS,Risco de gasto catastrófico com cirurgia (% das pessoas em risco),Risk of catastrophic expenditure for surgical care (% of people at risk),%,percent,FALSE,
SH.DYN.AIDS.ZS,Prevalência de HIV (% da população de 15 a 49 anos),"Prevalence of HIV, total (% of population ages 15-49)",%,percent,FALSE,
IS.RRS.GOOD.MT.K6,"Ferrovias, mercadorias transportadas (milhões de t-km)","Railways, goods transported (million ton-km)",million ton-km,compact,,
IE.PPI.ENGY.CD,Investimento com participação privada em energia (US$ correntes),Investment in energy with private participation (current US$),US$,currency,,
IE.PPI.TRAN.CD,Investimento com participação privada em transporte (US$ correntes),Investment in transport with private participation (current US$),US$,currency,,
IE.PPI.WATR.CD,Investimento com participação privada em água e saneamento (US$ correntes),Investment in water and sanitation with private participation (current US$),US$,currency,,
SL.TLF.CACT.ZS,Taxa de participação na força de trabalho (% da população 15+),"Labor force participation rate, total (% of total population ages 15+) (modeled ILO estimate)",%,percent,,Modeled ILO estimate
SL.GDP.PCAP.EM.KD,"PIB por pessoa empregada (PPP de 2021, US$ constantes)",GDP per person employed (constant 2021 PPP $),US$ PPP,currency,TRUE,
SL.EMP.TOTL.SP.ZS,"Razão emprego/população, 15+ (%)","Employment to population ratio, 15+, total (%) (modeled ILO estimate)",%,percent,TRUE,Modeled ILO estimate
NY.GNP.MKTP.CD,RNB (US$ correntes),GNI (current US$),US$,currency,,
NY.GNP.PCAP.KD.ZG,Crescimento da RNB per capita (% anual),GNI per capita growth (annual %),%,percent,TRUE,
BN.GSR.GNFS.CD,"Comércio líquido de bens e serviços (BoP, US$ correntes)","Net trade in goods and services (BoP, current US$)",US$,currency,,
BN.KLT.DINV.CD,"Investimento estrangeiro direto, líquido (BoP, US$ correntes)","Foreign direct investment, net (BoP, current US$)",US$,currency,,
SI.DST.FRST.20,Participação na renda dos 20% mais pobres (%),Income share held by lowest 20%,%,percent,TRUE,
SI.POV.GINI,Índice de Gini,Gini index,index 0-100,number,FALSE,
EN.POP.SLUM.UR.ZS,População vivendo em favelas (% da população urbana),Population living in slums (% of urban population),%,percent,FALSE,
SL.TLF.0714.ZS,Crianças trabalhando (% das crianças de 7 a 14 anos),"Children in employment, total (% of children ages 7-14)",%,percent,FALSE,
SL.FAM.0714.ZS,"Crianças trabalhando sem remuneração em família (% das crianças trabalhando, 7 a 14 anos)","Children in employment, unpaid family workers (% of children in employment, ages 7-14)",%,percent,FALSE,
per_allsp.cov_pop_tot,Cobertura de programas de proteção social e trabalho (% da população),Coverage of social protection and labor programs (% of population),%,percent,TRUE,
GC.REV.SOCL.ZS,Contribuições sociais (% da receita),Social contributions (% of revenue),%,percent,,
IS.RRS.PASG.KM,"Ferrovias, passageiros transportados (milhões de passageiros-km)","Railways, passengers carried (million passenger-km)",million passenger-km,compact,,
EN.GHG.CO2.TR.MT.CE.AR5,Emissões de CO₂ do setor de transportes (Mt CO₂e),Carbon dioxide (CO2) emissions from Transport (Energy) (Mt CO2e),Mt CO2e,number,FALSE,
SH.STA.TRAF.P5,Mortalidade por acidentes de trânsito (por 100 mil habitantes),"Mortality caused by road traffic injury (per 100,000 population)",per 100k,number,FALSE,
VC.IDP.NWDS,"Deslocados internos, novos deslocamentos por desastres (número de casos)","Internally displaced persons, new displacement associated with disasters (number of cases)",cases,compact,FALSE,
AG.LND.EL5M.UR.K2,Área urbana abaixo de 5 m de altitude (km²),Urban land area where elevation is below 5 meters (sq. km),sq. km,number,,
SP.URB.TOTL.IN.ZS,População urbana (% da população total),Urban population (% of total population),%,percent,,
SH.H2O.BASW.ZS,Acesso a pelo menos serviços básicos de água potável (% da população),People using at least basic drinking water services (% of population),%,percent,TRUE,
SH.STA.HYGN.ZS,Acesso a instalações básicas para lavar as mãos com água e sabão (% da população),People with basic handwashing facilities including soap and water (% of population),%,percent,TRUE,
ER.MRN.PTMR.ZS,Áreas marinhas protegidas (% das águas territoriais),Marine protected areas (% of territorial waters),%,percent,TRUE,
SI.POV.NAHC,Pobreza na linha de pobreza nacional (% da população),Poverty headcount ratio at national poverty lines (% of population),%,percent,FALSE,
SH.STA.STNT.ZS,Prevalência de baixa estatura para a idade (% das crianças menores de 5 anos),"Prevalence of stunting, height for age (% of children under 5)",%,percent,FALSE,
SN.ITK.DEFC.ZS,Prevalência de subalimentação (% da população),Prevalence of undernourishment (% of population),%,percent,FALSE,
SN.ITK.SVFI.ZS,Prevalência de insegurança alimentar grave (%),Prevalence of severe food insecurity in the population (%),%,percent,FALSE,
SH.STA.STNT.FE.ZS,"Prevalência de baixa estatura para a idade, meninas (% menores de 5 anos)","Prevalence of stunting, height for age, female (% of children under 5)",%,percent,FALSE,
SH.STA.STNT.MA.ZS,"Prevalência de baixa estatura para a idade, meninos (% menores de 5 anos)","Prevalence of stunting, height for age, male (% of children under 5)",%,percent,FALSE,
SH.DYN.MORT,Taxa de mortalidade de menores de 5 anos (por mil nascidos vivos),"Mortality rate, under-5 (per 1,000 live births)","per 1,000",number,FALSE,
SH.HIV.INCD.ZS,"Incidência de HIV, 15 a 49 anos (por mil não infectados)","Incidence of HIV, ages 15-49 (per 1,000 uninfected population ages 15-49)","per 1,000",number,FALSE,
SH.DYN.MORT.FE,"Taxa de mortalidade de menores de 5 anos, meninas (por mil nascidos vivos)","Mortality rate, under-5, female (per 1,000 live births)","per 1,000",number,FALSE,
SH.DYN.MORT.MA,"Taxa de mortalidade de menores de 5 anos, meninos (por mil nascidos vivos)","Mortality rate, under-5, male (per 1,000 live births)","per 1,000",number,FALSE,
SP.ADO.TFRT,Taxa de fertilidade na adolescência (nascimentos por mil mulheres de 15 a 19 anos),"Adolescent fertility rate (births per 1,000 women ages 15-19)","per 1,000",number,FALSE,
SE.SEC.CMPT.LO.ZS,"Taxa de conclusão do ensino fundamental II, total (%)","Lower secondary completion rate, total (% of relevant age group)",%,percent,TRUE,
SE.ADT.1524.LT.ZS,Taxa de alfabetização de jovens (% de 15 a 24 anos),"Literacy rate, youth total (% of people ages 15-24)",%,percent,TRUE,
SE.SEC.CMPT.LO.FE.ZS,"Taxa de conclusão do ensino fundamental II, mulheres (%)","Lower secondary completion rate, female (% of relevant age group)",%,percent,TRUE,
SE.SEC.CMPT.LO.MA.ZS,"Taxa de conclusão do ensino fundamental II, homens (%)","Lower secondary completion rate, male (% of relevant age group)",%,percent,TRUE,
SL.EMP.SMGT.FE.ZS,Participação feminina em cargos de gestão sênior e intermediária (%),Female share of employment in senior and middle management (%),%,percent,TRUE,
IC.FRM.FEMM.ZS,Empresas com mulher como principal executiva (% das empresas),Firms with female top manager (% of firms),%,percent,TRUE,
SH.STA.BASS.ZS,Acesso a pelo menos serviços básicos de saneamento (% da população),People using at least basic sanitation services (% of population),%,percent,TRUE,
ER.H2O.FWST.ZS,"Nível de estresse hídrico (retirada de água doce / recursos disponíveis, %)",Level of water stress: freshwater withdrawal as a proportion of available freshwater resources,%,percent,FALSE,
SH.H2O.SMDW.ZS,Água potável gerida com segurança (% da população),People using safely managed drinking water services (% of population),%,percent,TRUE,
EG.ELC.ACCS.RU.ZS,"Acesso à eletricidade, zona rural (% da população rural)","Access to electricity, rural (% of rural population)",%,percent,TRUE,
EG.ELC.ACCS.UR.ZS,"Acesso à eletricidade, zona urbana (% da população urbana)","Access to electricity, urban (% of urban population)",%,percent,TRUE,
NY.GDP.PCAP.KD.ZG,Crescimento do PIB per capita (% anual),GDP per capita growth (annual %),%,percent,TRUE,
FX.OWN.TOTL.ZS,Titularidade de conta em instituição financeira ou serviço móvel (% 15+),Account ownership at a financial institution or with a mobile-money-service provider (% of population ages 15+),%,percent,TRUE,
NV.IND.MANF.ZS,"Indústria de transformação, valor adicionado (% do PIB)","Manufacturing, value added (% of GDP)",%,percent,,
GB.XPD.RSDV.GD.ZS,Gastos com pesquisa e desenvolvimento (% do PIB),Research and development expenditure (% of GDP),%,percent,TRUE,
SI.SPR.PC40.ZG,Crescimento médio anual da renda/consumo dos 40% mais pobres (%),"Annualized average growth rate in per capita real survey mean consumption or income, bottom 40% of population (%)",%,percent,TRUE,
SI.SPR.PCAP.ZG,Crescimento médio anual da renda/consumo da população total (%),"Annualized average growth rate in per capita real survey mean consumption or income, total population (%)",%,percent,TRUE,
SI.DST.50MD,População vivendo abaixo de 50% da renda mediana (%),Proportion of people living below 50 percent of median income (%),%,percent,FALSE,
SI.RMT.COST.IB.ZS,Custo médio de envio de remessas para o país (%),Average transaction cost of sending remittances to a specific country (%),%,percent,FALSE,
SI.RMT.COST.OB.ZS,Custo médio de envio de remessas a partir do país (%),Average transaction cost of sending remittances from a specific country (%),%,percent,FALSE,
SP.URB.GROW,Crescimento da população urbana (% anual),Urban population growth (annual %),%,percent,,
EN.ATM.PM25.MC.M3,Exposição média anual à poluição do ar PM2.5 (µg/m³),"PM2.5 air pollution, mean annual exposure (micrograms per cubic meter)",µg/m3,number,FALSE,
NY.ADJ.SVNX.GN.ZS,"Poupança líquida ajustada, excluindo danos por material particulado (% da RNB)","Adjusted net savings, excluding particulate emission damage (% of GNI)",%,percent,TRUE,
NY.GDP.TOTL.RT.ZS,"Rendas de recursos naturais, total (% do PIB)",Total natural resources rents (% of GDP),%,percent,,
EN.CLC.MDAT.ZS,"População afetada por secas, enchentes e temperaturas extremas (% média 1990–2009)","Droughts, floods, extreme temperatures (% of population, average 1990-2009)",%,percent,FALSE,Historical average; no time series
EN.CLC.DRSK.XQ,Progresso na redução do risco de desastres (1–5),Disaster risk reduction progress score (1-5 scale; 5=best),score 1-5,number,TRUE,
EN.GHG.ALL.MT.CE.AR5,"Emissões totais de GEE, excluindo LULUCF (Mt CO₂e)",Total greenhouse gas emissions excluding LULUCF (Mt CO2e),Mt CO2e,compact,FALSE,
ER.FSH.PROD.MT,Produção pesqueira total (toneladas),Total fisheries production (metric tons),metric tons,compact,,
ER.FSH.AQUA.MT,Produção aquícola (toneladas),Aquaculture production (metric tons),metric tons,compact,,
ER.FSH.CAPT.MT,Produção da pesca de captura (toneladas),Capture fisheries production (metric tons),metric tons,compact,,
ER.LND.PTLD.ZS,Áreas terrestres protegidas (% da área terrestre),Terrestrial protected areas (% of total land area),%,percent,TRUE,
GF.XPD.BUDG.ZS,Gastos primários do governo em relação ao orçamento aprovado (%),Primary government expenditures as a proportion of original approved budget (%),%,percent,,Closer to 100 = better budget reliability
IC.FRM.BRIB.ZS,Incidência de suborno (% das empresas com ao menos um pedido de propina),Bribery incidence (% of firms experiencing at least one bribe payment request),%,percent,FALSE,
SP.REG.BRTH.ZS,Completude do registro de nascimento (%),Completeness of birth registration (%),%,percent,TRUE,
SP.REG.BRTH.RU.ZS,"Completude do registro de nascimento, área rural (%)","Completeness of birth registration, rural (%)",%,percent,TRUE,
SP.REG.BRTH.UR.ZS,"Completude do registro de nascimento, área urbana (%)","Completeness of birth registration, urban (%)",%,percent,TRUE,
BX.TRF.PWKR.DT.GD.ZS,Remessas pessoais recebidas (% do PIB),"Personal remittances, received (% of GDP)",%,percent,,
DT.TDS.DECT.EX.ZS,Serviço da dívida total (% das exportações e renda primária),"Total debt service (% of exports of goods, services and primary income)",%,percent,FALSE,
GC.TAX.TOTL.GD.ZS,Receita tributária (% do PIB),Tax revenue (% of GDP),%,percent,,
NE.EXP.GNFS.ZS,Exportações de bens e serviços (% do PIB),Exports of goods and services (% of GDP),%,percent,,
